{"stat.walkOneCm":30577,"stat.leaveGame":2,"stat.drop.minecraft.redstone":1,"stat.mobKills":12,"stat.flyOneCm":83701,"stat.drop":1,"stat.jump":315,"stat.playOneMinute":15864,"stat.killEntity.Sheep":12,"stat.useItem.minecraft.redstone":16,"stat.sneakTime":27,"stat.pickup.minecraft.wool":8,"stat.damageDealt":1035,"stat.pickup.minecraft.redstone":1,"stat.crouchOneCm":31,"stat.timeSinceDeath":15864,"stat.useItem.minecraft.dirt":1,"stat.sprintOneCm":5096,"stat.useItem.minecraft.stone_slab2":18,"stat.useItem.minecraft.redstone_ore":3,"stat.pickup.minecraft.mutton":13}