{"stat.pickup.hands_on_modding.powered_receiver":1,"stat.pickup.hands_on_modding.powered_transmitter":1,"stat.walkOneCm":3928,"stat.useItem.minecraft.painting":1,"stat.drop.minecraft.crafting_table":1,"stat.pickup.minecraft.crafting_table":1,"stat.pickup.minecraft.feather":256,"stat.drop.hands_on_modding.powered_transmitter":1,"stat.drop.hands_on_modding.unpowered_transmitter":9,"stat.drop.minecraft.redstone":3,"stat.pickup.minecraft.dye":256,"stat.drop.minecraft.baked_potato":64,"stat.pickup.minecraft.reeds":64,"stat.pickup.minecraft.bowl":258,"stat.drop":9,"stat.jump":1,"stat.drop.hands_on_modding.powered_receiver":1,"stat.playOneMinute":3896,"stat.craftItem.hands_on_modding.unpowered_transmitter":2,"stat.pickup.hands_on_modding.unpowered_transmitter":9,"stat.drop.minecraft.dye":64,"stat.drop.minecraft.feather":64,"stat.pickup.minecraft.redstone":3,"stat.timeSinceDeath":3896,"stat.pickup.minecraft.paper":256,"stat.craftItem.minecraft.painting":21,"stat.useItem.minecraft.stone_slab2":1,"stat.craftingTableInteraction":8}