{"stat.pickup.minecraft.rotten_flesh":1,"stat.flyOneCm":47522,"stat.killEntity.Skeleton":2,"stat.walkOneCm":58757,"stat.pickup.minecraft.bone":1,"stat.jump":65,"stat.playOneMinute":8682,"stat.sneakTime":5,"stat.pickup.minecraft.arrow":2,"stat.damageDealt":1463,"stat.pickup.minecraft.gunpowder":2,"stat.crouchOneCm":32,"stat.killEntity.Zombie":1,"stat.timeSinceDeath":8682,"stat.killEntity.Enderman":1,"stat.sprintOneCm":6725,"stat.mobKills":6,"stat.useItem.minecraft.stone_slab2":35,"stat.pickup.minecraft.bow":1,"stat.killEntity.Creeper":2}