{
  "minecraft:recipes/transportation/acacia_boat": {
    "criteria": {
      "entered_water": "2019-05-10 17:56:19 +0300"
    },
    "done": true
  },
  "minecraft:recipes/transportation/dark_oak_boat": {
    "criteria": {
      "entered_water": "2019-05-10 17:56:19 +0300"
    },
    "done": true
  },
  "minecraft:recipes/transportation/birch_boat": {
    "criteria": {
      "entered_water": "2019-05-10 17:56:19 +0300"
    },
    "done": true
  },
  "minecraft:recipes/transportation/boat": {
    "criteria": {
      "entered_water": "2019-05-10 17:56:19 +0300"
    },
    "done": true
  },
  "minecraft:recipes/transportation/jungle_boat": {
    "criteria": {
      "entered_water": "2019-05-10 17:56:19 +0300"
    },
    "done": true
  },
  "minecraft:recipes/transportation/spruce_boat": {
    "criteria": {
      "entered_water": "2019-05-10 17:56:19 +0300"
    },
    "done": true
  },
  "minecraft:adventure/adventuring_time": {
    "criteria": {
      "forest": "2019-05-10 17:53:59 +0300",
      "plains": "2019-05-10 17:55:56 +0300",
      "extreme_hills": "2019-05-10 17:54:38 +0300",
      "roofed_forest": "2019-05-10 17:56:59 +0300",
      "river": "2019-05-10 17:54:25 +0300"
    },
    "done": false
  }
}